D1,D2,D3,Preference,V1,V2,V3,V4,V5,V6,V7,V8
Male,20-40,Once or twice a week,Yes,4,5,4,5,4,4,4,4
Male,20-40,More than once a day,Yes,2,2,2,2,3,5,3,5
Male,20-40,Once or twice a week,Yes,4,5,5,5,5,5,4,5
Male,20-40,Once or twice a week,Yes,4,5,5,5,5,5,4,5
Male,20-40,More than once a day,Yes,2,2,2,2,3,2,3,5
Male,20-40,More than once a day,Yes,5,3,3,2,3,2,3,3
Male,20-40,Once or twice a week,Yes,3,4,4,5,4,4,5,4
Male,20-40,Once or twice a week,Yes,3,4,4,5,4,4,5,4
Male,20-40,More than once a day,Yes,2,2,2,2,3,2,3,5
Male,20-40,Once or twice a week,Yes,3,5,4,5,4,4,5,4
Male,20-40,Every day,Yes,2,2,2,2,3,5,4,5
Male,20-40,Once or twice a week,Yes,3,4,4,5,4,4,5,4
Male,20-40,Once or twice a week,Yes,3,4,4,5,4,4,5,4
Male,20-40,Once or twice a week,Yes,3,4,4,5,4,4,5,4
Male,20-40,Once or twice a week,Yes,3,4,4,5,4,4,5,4
Male,20-40,Once or twice a week,Yes,3,5,4,5,4,4,5,4
Male,20-40,Every day,Yes,2,2,2,2,3,5,4,5
Male,20-40,More than once a day,Yes,2,2,3,2,3,2,3,5
Male,20-40,More than once a day,Yes,2,2,2,2,3,2,3,5
Male,20-40,Once or twice a week,Yes,3,4,4,5,4,4,5,4
Male,20-40,Once or twice a week,Yes,3,4,4,5,4,4,5,4
Male,20-40,Once or twice a week,Yes,4,5,5,5,4,4,4,4
Male,20-40,Once or twice a week,Yes,4,5,5,5,5,5,4,5
Female,40-60,Once or twice a month,No,2,1,2,3,1,1,1,2
Female,20-40,Very rarely,Yes,1,1,3,4,2,3,2,1
Male,20-40,More than once a day,Yes,2,2,3,2,3,2,3,3
Male,20-40,More than once a day,Yes,2,2,3,2,3,2,3,5
Male,20-40,Once or twice a week,Yes,4,5,5,5,5,5,4,5
Male,20-40,Once or twice a week,Yes,4,5,5,5,5,5,4,5
Male,20-40,Once or twice a week,Yes,4,5,5,5,4,4,4,5
Female,20-40,Very rarely,Yes,5,3,3,2,2,3,2,3
Male,20-40,Once or twice a week,Yes,4,5,5,5,5,5,4,5
Male,20-40,More than once a day,Yes,2,2,3,2,3,2,3,5
Male,20-40,Once or twice a week,Yes,4,5,5,5,5,5,4,5
Male,20-40,More than once a day,Yes,2,2,2,2,3,5,4,5
Male,20-40,Once or twice a week,Yes,3,4,4,5,4,4,5,4
Female,40-60,Once or twice a month,No,2,1,2,3,1,1,1,2
Male,20-40,Once or twice a week,Yes,3,4,4,5,4,4,5,4
Male,20-40,Once or twice a week,Yes,3,4,4,5,4,4,5,4
Male,20-40,Once or twice a week,Yes,3,4,4,5,4,4,5,4
Female,40-60,Once or twice a month,No,2,1,2,3,1,1,1,2
Female,>60,Very rarely,No,1,1,1,1,2,3,2,1
Male,20-40,Once or twice a week,Yes,3,5,4,5,4,4,5,4
Male,20-40,Once or twice a week,Yes,3,4,4,5,4,4,5,4
Male,20-40,Once or twice a week,Yes,3,4,4,5,4,4,5,4
Male,20-40,Very rarely,Yes,5,3,3,2,2,3,2,3
Male,20-40,Very rarely,Yes,5,3,3,2,2,2,2,3
Male,20-40,More than once a day,Yes,2,2,2,2,3,5,4,5
Male,20-40,Very rarely,Yes,5,3,3,2,2,2,2,3
Male,20-40,Once or twice a week,Yes,3,4,4,5,4,4,5,4
Male,20-40,Once or twice a week,Yes,4,5,5,5,4,5,4,5
Male,20-40,Very rarely,Yes,5,3,3,2,2,2,2,3
Male,20-40,More than once a day,Yes,2,2,3,2,3,2,3,5
Male,20-40,Once or twice a week,Yes,3,4,4,5,4,4,5,4
Male,20-40,More than once a day,Yes,2,2,2,2,3,2,3,5
Male,20-40,Very rarely,Yes,5,3,3,2,2,2,2,3
Male,20-40,Every day,Yes,2,5,2,2,5,5,4,5
Female,20-40,Very rarely,No,1,1,1,4,2,3,2,1
Male,20-40,Once or twice a week,Yes,3,4,4,5,4,4,5,4
Male,20-40,Once or twice a week,Yes,4,5,5,5,5,5,4,5
Male,20-40,More than once a day,Yes,2,2,2,2,3,5,4,5
Male,20-40,Once or twice a week,Yes,3,4,4,5,4,4,5,4
Male,20-40,Every day,Yes,4,5,5,5,5,5,4,5
Male,20-40,Once or twice a week,Yes,3,4,4,5,4,4,5,4
Male,20-40,Every day,Yes,2,5,2,2,5,5,4,5
Male,20-40,Once or twice a week,Yes,4,5,5,5,5,5,4,5
Female,>60,Once or twice a month,No,1,1,1,1,2,3,2,1
Male,20-40,Once or twice a week,Yes,3,4,4,5,4,4,5,4
Male,20-40,Once or twice a week,Yes,3,4,4,5,4,4,5,4
Male,20-40,Once or twice a week,Yes,3,4,4,5,4,4,5,4
Male,20-40,Once or twice a week,Yes,4,5,5,5,5,5,4,5
Male,20-40,Once or twice a week,Yes,3,4,4,5,4,4,5,4
Male,20-40,Once or twice a week,Yes,4,5,5,5,5,5,4,5
Male,20-40,Once or twice a week,Yes,3,4,4,5,4,4,5,4
Male,20-40,Once or twice a week,Yes,3,4,4,5,4,4,5,4
Male,20-40,Once or twice a week,Yes,3,4,4,5,4,4,5,4
Male,20-40,Once or twice a week,Yes,3,4,4,5,4,4,5,4
Male,20-40,Once or twice a week,Yes,4,5,5,5,4,4,4,4
Male,20-40,Once or twice a week,Yes,4,5,5,5,4,4,4,4
Male,20-40,Once or twice a week,Yes,3,4,4,5,4,4,5,4
Male,20-40,Once or twice a week,Yes,4,5,5,5,5,5,4,5
Male,20-40,Once or twice a week,Yes,4,5,5,5,5,5,4,5
Male,20-40,More than once a day,Yes,2,2,3,2,3,2,3,5
Male,20-40,Once or twice a week,Yes,3,4,4,5,4,4,5,4
Male,20-40,More than once a day,Yes,2,2,2,2,3,5,3,5
Male,20-40,Once or twice a week,Yes,3,4,4,5,4,4,5,4
Male,20-40,Every day,Yes,2,2,2,2,3,5,4,5
Female,20-40,Very rarely,Yes,1,3,3,4,2,3,2,1
Male,20-40,Once or twice a week,Yes,3,4,4,5,4,4,5,4
Male,20-40,Once or twice a week,Yes,3,4,4,5,4,4,5,4
Male,20-40,More than once a day,Yes,2,2,3,2,3,2,3,5
Male,20-40,Once or twice a week,Yes,4,5,5,5,4,4,4,4
Male,20-40,Once or twice a week,Yes,4,5,5,5,5,5,4,5
Male,20-40,Every day,Yes,2,5,2,2,5,5,4,5
Male,20-40,More than once a day,Yes,2,2,3,2,3,2,3,5
Male,20-40,Every day,Yes,2,2,2,2,3,5,4,5
Male,20-40,Once or twice a week,Yes,3,4,4,5,4,4,5,4
Male,20-40,Every day,Yes,2,5,2,2,5,5,4,5
Male,20-40,Once or twice a week,Yes,3,4,4,5,4,4,5,4
Male,20-40,Every day,Yes,2,5,5,2,5,5,4,5
Male,20-40,Once or twice a week,Yes,4,5,5,5,5,5,4,5
Male,20-40,Once or twice a week,Yes,4,5,5,5,5,5,4,5
Male,20-40,Every day,Yes,2,5,5,2,5,5,4,5
Male,20-40,Every day,Yes,2,5,5,2,5,5,4,5
Male,20-40,Once or twice a week,Yes,4,5,5,5,5,5,4,5
Male,20-40,Once or twice a week,Yes,3,4,4,5,4,4,5,4
Male,20-40,Once or twice a week,Yes,3,4,4,5,4,4,5,4
Male,20-40,Once or twice a week,Yes,4,5,5,5,5,5,4,5
Male,20-40,Once or twice a week,Yes,3,4,4,5,4,4,5,4
Male,20-40,Once or twice a week,Yes,4,5,4,5,4,4,4,4
Male,20-40,Every day,Yes,2,5,2,2,5,5,4,5
Male,20-40,More than once a day,Yes,2,2,3,2,3,2,3,3
Male,20-40,Once or twice a week,Yes,3,4,4,5,4,4,5,4
Male,20-40,Every day,Yes,4,5,5,2,5,5,4,5
Male,20-40,Once or twice a week,Yes,4,5,5,5,5,5,4,5
Male,20-40,Once or twice a week,Yes,3,5,4,5,4,4,5,4
Female,20-40,Very rarely,Yes,1,1,1,4,2,3,2,1
Male,20-40,Once or twice a week,Yes,3,4,4,5,4,4,5,4
Male,20-40,Once or twice a week,Yes,4,5,5,5,4,4,4,4
Female,20-40,Very rarely,Yes,1,1,3,4,2,3,2,1
Male,20-40,Once or twice a week,Yes,3,4,4,5,4,4,5,4
Male,20-40,More than once a day,Yes,5,3,3,2,3,2,3,3
Male,20-40,Every day,Yes,2,2,2,2,3,5,4,5
Male,20-40,More than once a day,Yes,2,2,3,2,3,2,3,5
Male,20-40,Once or twice a week,Yes,3,4,4,5,4,4,5,4
Female,40-60,Once or twice a month,No,1,1,1,3,1,1,1,2
Male,20-40,More than once a day,Yes,2,2,2,2,3,5,4,5
Male,20-40,Every day,Yes,2,5,5,2,5,5,4,5
Male,20-40,More than once a day,Yes,2,2,2,2,3,5,4,5
Male,20-40,Every day,Yes,2,5,2,2,5,5,4,5
Male,20-40,Every day,Yes,4,5,5,5,5,5,4,5
Male,20-40,Once or twice a week,Yes,3,4,4,5,4,4,5,4
Male,20-40,Every day,Yes,4,5,5,5,5,5,4,5
Male,20-40,Once or twice a week,Yes,3,4,4,5,4,4,5,4
Female,20-40,Very rarely,Yes,1,1,3,4,2,3,2,1
Male,20-40,Once or twice a week,Yes,3,4,4,5,4,4,5,4
Male,20-40,More than once a day,Yes,5,3,3,2,2,2,3,3
Female,>60,Once or twice a month,No,1,1,1,1,2,3,2,1
Male,20-40,Once or twice a week,Yes,3,4,4,5,4,4,5,4
Female,20-40,Very rarely,Yes,5,3,3,4,2,3,2,1
Male,20-40,Once or twice a week,Yes,3,4,4,5,4,4,5,4
Male,20-40,Once or twice a week,Yes,4,5,5,5,4,4,4,4
Male,20-40,Once or twice a week,Yes,3,4,4,5,4,4,5,4
Male,20-40,Once or twice a week,Yes,4,5,5,5,5,5,4,5
Male,20-40,Once or twice a week,Yes,3,4,4,5,4,4,5,4
Female,>60,Very rarely,No,1,1,1,1,2,3,2,1
Male,20-40,More than once a day,Yes,2,2,2,2,3,5,3,5
Male,20-40,Once or twice a week,Yes,4,5,5,5,5,5,4,5
Male,20-40,Once or twice a week,Yes,3,4,4,5,4,4,5,4
Male,20-40,Once or twice a week,Yes,3,4,4,5,4,4,5,4
Male,20-40,Once or twice a week,Yes,4,5,5,5,5,5,4,5
Male,20-40,Once or twice a week,Yes,4,5,5,5,5,5,4,5
Male,20-40,More than once a day,Yes,2,2,3,2,3,2,3,5
Male,20-40,Once or twice a week,Yes,4,5,5,5,5,5,4,5
Male,20-40,Once or twice a week,Yes,3,4,4,5,4,4,5,4
Male,20-40,Once or twice a week,Yes,3,4,4,5,4,4,5,4
Male,20-40,More than once a day,Yes,2,2,3,2,3,2,3,5
Male,20-40,More than once a day,Yes,2,2,3,2,3,2,3,5
Male,20-40,Once or twice a week,Yes,3,4,4,5,4,4,5,4
Male,20-40,Very rarely,Yes,5,3,3,2,2,2,2,3
Male,20-40,More than once a day,Yes,2,2,2,2,3,2,3,5
Male,20-40,More than once a day,Yes,2,2,2,2,3,2,3,5
Male,20-40,Once or twice a week,Yes,3,4,4,5,4,4,5,4
Male,20-40,More than once a day,Yes,2,2,2,2,3,5,3,5
Male,20-40,Once or twice a week,Yes,3,4,4,5,4,4,5,4
Male,20-40,Once or twice a week,Yes,4,5,5,5,5,5,4,5
Male,20-40,Once or twice a week,Yes,4,5,5,5,5,5,4,5
Male,20-40,More than once a day,Yes,2,2,2,2,3,5,4,5
Female,20-40,Very rarely,Yes,5,3,3,4,2,3,2,3
Male,20-40,Very rarely,Yes,5,3,3,2,2,2,2,3
Male,20-40,Once or twice a week,Yes,3,4,4,5,4,4,5,4
Male,20-40,Once or twice a week,Yes,4,5,5,5,5,5,4,5
Female,>60,Very rarely,No,1,1,1,1,2,3,2,1
Male,20-40,Once or twice a week,Yes,4,5,5,5,5,5,4,5
Male,20-40,Very rarely,Yes,5,3,3,2,2,2,2,3
Male,20-40,Once or twice a week,Yes,4,5,5,5,5,5,4,5
Male,20-40,Once or twice a week,Yes,3,4,4,5,4,4,5,4
Male,20-40,Once or twice a week,Yes,3,4,4,5,4,4,5,4
Female,>60,Once or twice a month,No,1,1,1,1,2,3,2,2
Male,20-40,Very rarely,Yes,5,3,3,2,2,2,2,3
Male,20-40,Once or twice a week,Yes,4,5,5,5,5,5,4,5
Male,20-40,Once or twice a week,Yes,3,5,4,5,4,4,5,4
Male,20-40,Once or twice a week,Yes,3,4,4,5,4,4,5,4
Male,20-40,Once or twice a week,Yes,4,5,4,5,4,4,4,4
Male,20-40,Every day,Yes,2,2,2,2,3,5,4,5
Male,20-40,Once or twice a week,Yes,4,5,5,5,4,5,4,5
Male,20-40,Every day,Yes,2,5,2,2,5,5,4,5
Male,20-40,Very rarely,Yes,5,3,3,2,2,2,2,3
Male,20-40,Once or twice a week,Yes,3,4,4,5,4,4,5,4
Male,20-40,Every day,Yes,2,2,2,2,3,5,4,5
Female,20-40,Very rarely,Yes,1,3,3,4,2,3,2,1
Male,20-40,Once or twice a week,Yes,4,5,5,5,5,5,4,5
Male,20-40,Once or twice a week,Yes,4,5,5,5,5,5,4,5
Male,20-40,Every day,Yes,2,2,2,2,3,5,4,5
Male,20-40,More than once a day,Yes,2,2,3,2,3,2,3,5
Male,20-40,Once or twice a week,Yes,4,5,5,5,5,5,4,5
Male,20-40,Once or twice a week,Yes,3,4,4,5,4,4,5,4
Male,20-40,Once or twice a week,Yes,3,4,4,5,4,4,5,4
Male,20-40,Every day,Yes,2,5,2,2,5,5,4,5
Male,20-40,Once or twice a week,Yes,4,5,5,5,4,5,4,5
Male,20-40,Every day,Yes,2,5,2,2,5,5,4,5
Male,20-40,Every day,Yes,2,5,2,2,5,5,4,5
Male,20-40,Once or twice a week,Yes,4,5,4,5,4,4,5,4
Male,20-40,More than once a day,Yes,2,2,2,2,3,5,4,5
Male,20-40,Once or twice a week,Yes,3,4,4,5,4,4,5,4
Male,20-40,Once or twice a week,Yes,3,4,4,5,4,4,5,4
Male,20-40,Once or twice a week,Yes,3,4,4,5,4,4,5,4
Male,20-40,Once or twice a week,Yes,4,5,5,5,5,5,4,5
Male,20-40,Once or twice a week,Yes,3,4,4,5,4,4,5,4
Male,20-40,More than once a day,Yes,2,2,2,2,3,5,4,5
Male,20-40,Once or twice a week,Yes,4,5,4,5,4,4,4,4
Male,20-40,Once or twice a week,Yes,3,4,4,5,4,4,5,4
Male,20-40,Once or twice a week,Yes,3,4,4,5,4,4,5,4
Male,20-40,Once or twice a week,Yes,4,5,5,5,4,4,4,5
Female,40-60,Once or twice a month,No,1,1,1,3,1,1,1,2
Male,20-40,Once or twice a week,Yes,3,4,4,5,4,4,5,4
Male,20-40,More than once a day,Yes,2,2,3,2,3,2,3,5
Male,20-40,Once or twice a week,Yes,3,4,4,5,4,4,5,4
Male,20-40,Once or twice a week,Yes,3,4,4,5,4,4,5,4
Male,20-40,Once or twice a week,Yes,4,5,5,5,5,5,4,5
Male,20-40,Once or twice a week,Yes,3,4,4,5,4,4,5,4
Male,20-40,Every day,Yes,2,5,2,2,5,5,4,5
Male,20-40,Once or twice a week,Yes,4,5,4,5,4,4,5,4
Male,20-40,Once or twice a week,Yes,4,5,5,5,5,5,4,5
Male,20-40,Once or twice a week,Yes,4,5,5,5,4,5,4,5
Female,>60,Once or twice a month,No,1,1,1,1,1,3,1,2
Male,20-40,Once or twice a week,Yes,3,4,4,5,4,4,5,4
Male,20-40,Every day,Yes,2,2,2,2,3,5,4,5
Male,20-40,Once or twice a week,Yes,3,4,4,5,4,4,5,4
Male,20-40,Once or twice a week,Yes,3,4,4,5,4,4,5,4
Male,20-40,Every day,Yes,2,5,2,2,5,5,4,5
Male,20-40,Every day,Yes,2,2,2,2,3,5,4,5
Male,20-40,Once or twice a week,Yes,4,5,4,5,4,4,5,4
Male,20-40,Once or twice a week,Yes,3,4,4,5,4,4,5,4
Male,20-40,Once or twice a week,Yes,3,4,4,5,4,4,5,4
Male,20-40,Every day,Yes,2,5,2,2,5,5,4,5
Male,20-40,Very rarely,Yes,5,3,3,2,2,2,2,3
Male,20-40,More than once a day,Yes,2,2,3,2,3,2,3,5
Female,20-40,Very rarely,Yes,5,3,3,2,2,3,2,3
Female,20-40,Very rarely,Yes,5,3,3,4,2,3,2,3
Male,20-40,Once or twice a week,Yes,3,4,4,5,4,4,5,4
Male,20-40,Every day,Yes,2,2,2,2,3,5,4,5
Female,40-60,Once or twice a month,No,2,1,2,3,1,1,1,2
Male,20-40,Once or twice a week,Yes,4,5,5,5,5,5,4,5
Female,40-60,Once or twice a month,No,2,1,2,3,2,1,1,2
Male,20-40,Every day,Yes,2,2,2,2,3,5,4,5
Male,20-40,Once or twice a week,Yes,4,5,4,5,4,4,4,4
Male,20-40,Once or twice a week,Yes,4,5,5,5,4,5,4,5
Male,20-40,Once or twice a week,Yes,3,4,4,5,4,4,5,4
Male,20-40,Very rarely,Yes,5,3,3,2,2,2,2,3
Male,20-40,Once or twice a week,Yes,4,5,5,5,5,5,4,5
Male,20-40,Once or twice a week,Yes,4,5,5,5,4,5,4,5
Male,20-40,Once or twice a week,Yes,4,5,5,5,5,5,4,5
Male,20-40,Once or twice a week,Yes,3,4,4,5,4,4,5,4
Male,20-40,Once or twice a week,Yes,3,4,4,5,4,4,5,4
Male,20-40,Once or twice a week,Yes,4,5,5,5,5,5,4,5
Male,20-40,Once or twice a week,Yes,3,4,4,5,4,4,5,4
Male,20-40,More than once a day,Yes,2,2,3,2,3,2,3,5
Male,20-40,More than once a day,Yes,2,2,2,2,3,2,3,5
Female,20-40,Very rarely,Yes,5,3,3,2,2,3,2,3
Male,20-40,Very rarely,Yes,5,3,3,2,2,2,2,3
Male,20-40,Once or twice a week,Yes,3,4,4,5,4,4,5,4
Male,20-40,Once or twice a week,Yes,4,5,5,5,4,4,4,4
Female,40-60,Once or twice a month,No,1,1,1,3,1,1,1,2
Male,20-40,Once or twice a week,Yes,3,4,4,5,4,4,5,4
Female,<20,Once or twice a month,No,5,1,2,2,2,2,2,2
Male,20-40,Once or twice a week,Yes,3,4,4,5,4,4,5,4
Male,20-40,Every day,Yes,2,2,2,2,3,5,4,5
Male,20-40,Once or twice a week,Yes,3,4,4,5,4,4,5,4
Female,>60,Once or twice a month,No,1,1,1,1,2,3,1,1
Male,20-40,Every day,Yes,2,5,2,2,5,5,4,5
Male,20-40,More than once a day,Yes,2,2,2,2,3,5,3,5
Male,20-40,Every day,Yes,2,2,2,2,3,5,4,5
Male,20-40,Once or twice a week,Yes,4,5,5,5,4,5,4,5
Male,20-40,Once or twice a week,Yes,3,4,4,5,4,4,5,4
Male,20-40,Once or twice a week,Yes,3,4,4,5,4,4,5,4
Male,20-40,Once or twice a week,Yes,3,4,4,5,4,4,5,4
Male,20-40,Every day,Yes,2,5,2,2,5,5,4,5
Male,20-40,Once or twice a week,Yes,4,5,5,5,5,5,4,5
Female,>60,Once or twice a month,No,1,1,1,1,2,3,2,1
Female,20-40,Very rarely,Yes,1,1,3,4,2,3,2,1
Male,20-40,Once or twice a week,Yes,3,4,4,5,4,4,5,4
Male,20-40,Once or twice a week,Yes,3,4,4,5,4,4,5,4
Male,20-40,Once or twice a week,Yes,3,4,4,5,4,4,5,4
Male,20-40,Once or twice a week,Yes,4,5,5,5,5,5,4,5
Male,20-40,Once or twice a week,Yes,3,4,4,5,4,4,5,4
Male,20-40,Once or twice a week,Yes,3,4,4,5,4,4,5,4
Male,20-40,Very rarely,Yes,5,3,3,2,2,2,2,3
Male,20-40,Every day,Yes,2,5,2,2,3,5,4,5
Male,20-40,Once or twice a week,Yes,3,4,4,5,4,4,5,4
Male,20-40,More than once a day,Yes,5,3,3,2,3,2,3,3
Male,20-40,Once or twice a week,Yes,3,4,4,5,4,4,5,4
Female,40-60,Once or twice a month,No,2,1,2,3,1,1,1,2
Male,20-40,Once or twice a week,Yes,4,5,5,5,4,4,4,4
Male,20-40,Once or twice a week,Yes,4,5,5,5,5,5,4,5
Male,20-40,More than once a day,Yes,5,2,3,2,3,2,3,3
Male,20-40,More than once a day,Yes,5,3,3,2,3,2,3,3
Male,20-40,Once or twice a week,Yes,3,4,4,5,4,4,5,4
Male,20-40,Once or twice a week,Yes,4,5,5,5,5,5,4,5
Male,20-40,Once or twice a week,Yes,4,5,5,5,4,4,4,4
Male,20-40,Once or twice a week,Yes,4,5,5,5,5,5,4,5
Male,20-40,Once or twice a week,Yes,3,4,4,5,4,4,5,4
Male,20-40,Once or twice a week,Yes,3,4,4,5,4,4,5,4
Male,20-40,Once or twice a week,Yes,4,5,5,5,4,4,4,5
Male,20-40,Once or twice a week,Yes,3,4,4,5,4,4,5,4
Male,20-40,Once or twice a week,Yes,4,5,5,5,5,5,4,5
Male,20-40,Once or twice a week,Yes,3,4,4,5,4,4,5,4
Female,<20,Once or twice a month,No,5,1,2,2,1,1,2,2
Male,20-40,Every day,Yes,2,2,2,2,3,5,4,5
Male,20-40,Once or twice a week,Yes,3,4,4,5,4,4,5,4
Male,20-40,Once or twice a week,Yes,4,5,5,5,5,5,4,5
Male,20-40,Every day,Yes,2,5,2,2,5,5,4,5
Male,20-40,Once or twice a week,Yes,4,5,5,5,4,4,4,4
Male,20-40,Once or twice a week,Yes,3,4,4,5,4,4,5,4
Male,20-40,Once or twice a week,Yes,3,4,4,5,4,4,5,4
Male,20-40,Once or twice a week,Yes,4,5,4,5,4,4,4,4
Male,20-40,Once or twice a week,Yes,4,5,5,5,4,4,4,5
Male,20-40,Once or twice a week,Yes,3,5,4,5,4,4,5,4
Male,20-40,Every day,Yes,2,5,2,2,5,5,4,5
Male,20-40,Once or twice a week,Yes,3,4,4,5,4,4,5,4
Male,20-40,Every day,Yes,2,2,2,2,3,5,4,5
Male,20-40,Every day,Yes,2,5,2,2,3,5,4,5
Male,20-40,Once or twice a week,Yes,3,4,4,5,4,4,5,4
Male,20-40,Every day,Yes,2,5,2,2,5,5,4,5
Male,20-40,More than once a day,Yes,2,2,3,2,3,2,3,5
Male,20-40,Every day,Yes,2,2,2,2,3,5,4,5
Female,>60,Very rarely,No,1,1,1,1,2,3,2,1
Male,20-40,Once or twice a week,Yes,4,5,5,5,5,5,4,5
Male,20-40,Every day,Yes,2,2,2,2,3,5,4,5
Male,20-40,Once or twice a week,Yes,3,4,4,5,4,4,5,4
Male,20-40,Once or twice a week,Yes,3,4,4,5,4,4,5,4
Male,20-40,Once or twice a week,Yes,3,4,4,5,4,4,5,4
Male,20-40,Every day,Yes,2,5,5,2,5,5,4,5
Male,20-40,Very rarely,Yes,5,3,3,2,2,2,2,3
Male,20-40,Every day,Yes,2,2,2,2,3,5,4,5
Male,20-40,Once or twice a week,Yes,4,5,5,5,4,4,4,4
Male,20-40,Once or twice a week,Yes,3,4,4,5,4,4,5,4
Male,20-40,Every day,Yes,2,2,2,2,3,5,4,5
Male,20-40,Once or twice a week,Yes,3,4,4,5,4,4,5,4
Male,20-40,Very rarely,Yes,5,3,3,2,2,2,2,3
Male,20-40,More than once a day,Yes,5,3,3,2,3,2,3,3
Female,>60,Very rarely,No,1,1,1,1,2,3,2,1
Male,20-40,Once or twice a week,Yes,3,4,4,5,4,4,5,4
Male,20-40,Once or twice a week,Yes,4,5,5,5,5,5,4,5
Male,20-40,Once or twice a week,Yes,4,5,5,5,5,5,4,5
Male,20-40,Once or twice a week,Yes,3,4,4,5,4,4,5,4
Male,20-40,Once or twice a week,Yes,3,4,4,5,4,4,5,4
Male,20-40,Once or twice a week,Yes,4,5,4,5,4,4,4,4
Male,20-40,Once or twice a week,Yes,3,4,4,5,4,4,5,4
Male,20-40,Once or twice a week,Yes,4,5,5,5,5,5,4,5
Male,20-40,Once or twice a week,Yes,3,5,4,5,4,4,5,4
Male,20-40,Every day,Yes,2,2,2,2,3,5,4,5
Male,20-40,Once or twice a week,Yes,4,5,5,5,4,5,4,5
Female,>60,Very rarely,No,1,1,1,4,2,3,2,1
Male,20-40,Once or twice a week,Yes,4,5,5,5,5,5,4,5
Male,20-40,Every day,Yes,4,5,5,2,5,5,4,5
Male,20-40,Once or twice a week,Yes,4,5,5,5,5,5,4,5
Female,>60,Very rarely,No,1,1,1,1,2,3,2,1
Male,20-40,Once or twice a week,Yes,3,4,4,5,4,4,5,4
Male,20-40,Once or twice a week,Yes,4,5,4,5,4,4,5,4
Male,20-40,Every day,Yes,2,5,2,2,5,5,4,5
Male,20-40,Once or twice a week,Yes,3,4,4,5,4,4,5,4
Male,20-40,Once or twice a week,Yes,3,4,4,5,4,4,5,4
Male,20-40,More than once a day,Yes,5,3,3,2,3,2,3,3
Male,20-40,Once or twice a week,Yes,4,5,4,5,4,4,4,4
Male,20-40,Once or twice a week,Yes,3,4,4,5,4,4,5,4
Male,20-40,Every day,Yes,2,5,5,2,5,5,4,5
Female,>60,Very rarely,No,1,1,1,1,2,3,2,1
Male,20-40,Every day,Yes,2,2,2,2,3,5,4,5
Male,20-40,Once or twice a week,Yes,3,4,4,5,4,4,5,4
Male,20-40,Once or twice a week,Yes,3,4,4,5,4,4,5,4
Male,20-40,Once or twice a week,Yes,3,4,4,5,4,4,5,4
Male,20-40,Once or twice a week,Yes,3,4,4,5,4,4,5,4
Male,20-40,More than once a day,Yes,2,2,2,2,3,2,3,5
Male,20-40,Once or twice a week,Yes,3,4,4,5,4,4,5,4
Male,20-40,Once or twice a week,Yes,4,5,5,5,4,5,4,5
Male,20-40,Once or twice a week,Yes,3,4,4,5,4,4,5,4
Female,20-40,Very rarely,No,1,1,1,1,2,3,2,1
Male,20-40,Once or twice a week,Yes,3,4,4,5,4,4,5,4
Male,20-40,Very rarely,Yes,5,3,3,2,2,2,2,3
Male,20-40,Once or twice a week,Yes,4,5,4,5,4,4,5,4
Female,20-40,Very rarely,No,1,1,1,4,2,3,2,1
Male,20-40,Once or twice a week,Yes,3,4,4,5,4,4,5,4
Male,20-40,Once or twice a week,Yes,3,4,4,5,4,4,5,4
Male,20-40,Once or twice a week,Yes,3,4,4,5,4,4,5,4
Male,20-40,Once or twice a week,Yes,3,4,4,5,4,4,5,4
Male,20-40,More than once a day,Yes,2,2,3,2,3,2,3,3
Male,20-40,Once or twice a week,Yes,4,5,4,5,4,4,5,4
Male,20-40,Every day,Yes,2,2,2,2,3,5,4,5
Male,20-40,Once or twice a week,Yes,3,4,4,5,4,4,5,4
Male,20-40,Once or twice a week,Yes,3,4,4,5,4,4,5,4
Male,20-40,Once or twice a week,Yes,3,4,4,5,4,4,5,4
Male,20-40,Every day,Yes,2,5,2,2,3,5,4,5
Male,20-40,Once or twice a week,Yes,3,4,4,5,4,4,5,4
Male,20-40,Every day,Yes,2,5,2,2,5,5,4,5
Male,20-40,Once or twice a week,Yes,4,5,5,5,4,5,4,5
Male,20-40,Once or twice a week,Yes,3,4,4,5,4,4,5,4
Male,20-40,Once or twice a week,Yes,4,5,5,5,5,5,4,5
Male,20-40,Once or twice a week,Yes,3,4,4,5,4,4,5,4
Male,20-40,Once or twice a week,Yes,4,5,5,5,5,5,4,5
Male,20-40,Very rarely,Yes,5,3,3,2,2,2,2,3
Male,20-40,Once or twice a week,Yes,3,4,4,5,4,4,5,4
Male,20-40,Every day,Yes,2,5,2,2,5,5,4,5
Male,20-40,Once or twice a week,Yes,3,4,4,5,4,4,5,4
Male,20-40,Once or twice a week,Yes,3,4,4,5,4,4,5,4
Male,20-40,More than once a day,Yes,5,2,3,2,3,2,3,3
Male,20-40,Very rarely,Yes,5,3,3,2,2,2,2,3
Male,20-40,Once or twice a week,Yes,3,4,4,5,4,4,5,4
Male,20-40,Once or twice a week,Yes,3,5,4,5,4,4,5,4
Male,20-40,Once or twice a week,Yes,3,4,4,5,4,4,5,4
Male,20-40,More than once a day,Yes,5,3,3,2,3,2,3,3
Male,20-40,Once or twice a week,Yes,3,4,4,5,4,4,5,4
Female,>60,Once or twice a month,No,1,1,1,3,2,3,1,2
Male,20-40,Very rarely,Yes,5,3,3,2,2,2,2,3
Female,20-40,Very rarely,Yes,1,1,3,4,2,3,2,1
Male,20-40,More than once a day,Yes,5,3,3,2,3,2,3,3
Male,20-40,More than once a day,Yes,5,3,3,2,3,2,3,3
Male,20-40,Once or twice a week,Yes,4,5,5,5,5,5,4,5
Male,20-40,Once or twice a week,Yes,3,4,4,5,4,4,5,4
Male,20-40,Once or twice a week,Yes,3,5,4,5,4,4,5,4
Male,20-40,Every day,Yes,2,5,2,2,5,5,4,5
Male,20-40,Once or twice a week,Yes,4,5,5,5,5,5,4,5
Male,20-40,Once or twice a week,Yes,3,4,4,5,4,4,5,4
Male,20-40,Once or twice a week,Yes,3,4,4,5,4,4,5,4
Male,20-40,Once or twice a week,Yes,3,4,4,5,4,4,5,4
Male,20-40,More than once a day,Yes,2,2,3,2,3,2,3,5
Male,20-40,Once or twice a week,Yes,4,5,5,5,5,5,4,5
Male,20-40,Once or twice a week,Yes,4,5,5,5,4,4,4,4
Male,20-40,More than once a day,Yes,2,2,2,2,3,5,3,5
Male,20-40,More than once a day,Yes,5,3,3,2,3,2,3,3
Male,20-40,Once or twice a week,Yes,3,4,4,5,4,4,5,4
Male,20-40,Once or twice a week,Yes,3,5,4,5,4,4,5,4
Male,20-40,Once or twice a week,Yes,4,5,5,5,5,5,4,5
Male,20-40,Every day,Yes,2,5,5,2,5,5,4,5
Male,20-40,Every day,Yes,2,5,2,2,5,5,4,5
Male,20-40,Every day,Yes,4,5,5,5,5,5,4,5
Male,20-40,Once or twice a week,Yes,3,4,4,5,4,4,5,4
Male,20-40,Once or twice a week,Yes,4,5,5,5,5,5,4,5
Male,20-40,Every day,Yes,2,2,2,2,3,5,4,5
Female,40-60,Once or twice a month,No,1,1,1,3,2,3,1,2
Male,20-40,More than once a day,Yes,2,2,2,2,3,5,4,5
Male,20-40,Once or twice a week,Yes,3,4,4,5,4,4,5,4
Male,20-40,More than once a day,Yes,2,2,3,2,3,2,3,5
Male,20-40,Once or twice a week,Yes,3,4,4,5,4,4,5,4
Male,20-40,More than once a day,Yes,2,2,3,2,3,2,3,5
Male,20-40,Once or twice a week,Yes,3,4,4,5,4,4,5,4
Male,20-40,Very rarely,Yes,5,3,3,2,2,2,2,3
Male,20-40,Once or twice a week,Yes,3,4,4,5,4,4,5,4
Male,20-40,Once or twice a week,Yes,4,5,5,5,4,4,4,4
Male,20-40,Once or twice a week,Yes,3,4,4,5,4,4,5,4
Male,20-40,Once or twice a week,Yes,3,4,4,5,4,4,5,4
Male,20-40,Once or twice a week,Yes,4,5,5,5,5,5,4,5
Male,20-40,Every day,Yes,2,5,2,2,5,5,4,5
Male,20-40,Once or twice a week,Yes,3,4,4,5,4,4,5,4
Male,20-40,Once or twice a week,Yes,3,4,4,5,4,4,5,4
Male,20-40,More than once a day,Yes,2,2,3,2,3,2,3,5
Male,20-40,Once or twice a week,Yes,4,5,5,5,5,5,4,5
Male,20-40,Once or twice a week,Yes,3,4,4,5,4,4,5,4
Male,20-40,Once or twice a week,Yes,4,5,5,5,4,4,4,4
Male,20-40,Once or twice a week,Yes,4,5,5,5,5,5,4,5
Male,20-40,Once or twice a week,Yes,3,4,4,5,4,4,5,4
Male,20-40,More than once a day,Yes,2,2,2,2,3,5,4,5
Male,20-40,Once or twice a week,Yes,3,4,4,5,4,4,5,4
Male,20-40,Every day,Yes,2,5,2,2,5,5,4,5
Male,20-40,Every day,Yes,2,5,2,2,5,5,4,5
Male,20-40,Very rarely,Yes,5,3,3,2,2,3,2,3
Male,20-40,Once or twice a week,Yes,3,4,4,5,4,4,5,4
Male,20-40,Once or twice a week,Yes,4,5,5,5,4,4,4,4
Male,20-40,Once or twice a week,Yes,3,4,4,5,4,4,5,4
Male,20-40,Once or twice a week,Yes,3,4,4,5,4,4,5,4
Male,20-40,Once or twice a week,Yes,4,5,5,5,5,5,4,5
Male,20-40,Every day,Yes,2,5,2,2,5,5,4,5
Male,20-40,Once or twice a week,Yes,3,4,4,5,4,4,5,4
Male,20-40,Once or twice a week,Yes,3,5,4,5,4,4,5,4
Male,20-40,Once or twice a week,Yes,3,4,4,5,4,4,5,4
Male,20-40,More than once a day,Yes,2,2,2,2,3,5,4,5
Male,20-40,Once or twice a week,Yes,3,4,4,5,4,4,5,4
Male,20-40,More than once a day,Yes,2,2,3,2,3,2,3,5
Male,20-40,Once or twice a week,Yes,3,4,4,5,4,4,5,4
Male,20-40,Once or twice a week,Yes,3,4,4,5,4,4,5,4
Male,20-40,Once or twice a week,Yes,4,5,5,5,5,5,4,5
Male,20-40,Once or twice a week,Yes,3,4,4,5,4,4,5,4
Male,20-40,More than once a day,Yes,5,3,3,2,3,2,3,3
Male,20-40,Once or twice a week,Yes,3,4,4,5,4,4,5,4
Male,20-40,Once or twice a week,Yes,4,5,5,5,5,5,4,5
Male,20-40,Once or twice a week,Yes,4,5,5,5,5,5,4,5
Female,40-60,Once or twice a month,No,2,1,2,2,1,1,1,2
Male,20-40,Once or twice a week,Yes,4,5,4,5,4,4,5,4
Male,20-40,Once or twice a week,Yes,4,5,5,5,4,5,4,5
Male,20-40,Every day,Yes,4,5,5,2,5,5,4,5
Male,20-40,Once or twice a week,Yes,3,4,4,5,4,4,5,4
Male,20-40,Once or twice a week,Yes,3,4,4,5,4,4,5,4
Male,20-40,Once or twice a week,Yes,4,5,5,5,5,5,4,5
Male,20-40,Once or twice a week,Yes,3,4,4,5,4,4,5,4
Male,20-40,Once or twice a week,Yes,3,4,4,5,4,4,5,4
Male,20-40,Once or twice a week,Yes,3,4,4,5,4,4,5,4
Male,20-40,Once or twice a week,Yes,3,4,4,5,4,4,5,4
Male,20-40,Once or twice a week,Yes,4,5,5,5,5,5,4,5
Male,20-40,Once or twice a week,Yes,3,4,4,5,4,4,5,4
Male,20-40,Every day,Yes,2,2,2,2,3,5,4,5
Male,20-40,More than once a day,Yes,2,2,3,2,3,2,3,5
Male,20-40,More than once a day,Yes,5,3,3,2,3,2,3,3
Male,20-40,Once or twice a week,Yes,4,5,5,5,5,5,4,5
Male,20-40,Once or twice a week,Yes,3,5,4,5,4,4,5,4
Male,20-40,Once or twice a week,Yes,3,4,4,5,4,4,5,4
Male,20-40,Every day,Yes,2,5,2,2,5,5,4,5
Male,20-40,Once or twice a week,Yes,3,4,4,5,4,4,5,4
Male,20-40,Very rarely,Yes,5,3,3,2,2,2,2,3
Male,20-40,Every day,Yes,4,5,5,2,5,5,4,5
Male,20-40,More than once a day,Yes,5,2,3,2,3,2,3,3
Female,20-40,Very rarely,Yes,5,3,3,4,2,3,2,3
Male,20-40,More than once a day,Yes,2,2,3,2,3,2,3,5
Male,20-40,Once or twice a week,Yes,4,5,5,5,5,5,4,5
Male,20-40,Every day,Yes,2,5,2,2,5,5,4,5
Male,20-40,More than once a day,Yes,2,2,2,2,3,5,3,5
Male,20-40,Once or twice a week,Yes,4,5,5,5,5,5,4,5
Male,20-40,Once or twice a week,Yes,4,5,5,5,4,4,4,4
Male,20-40,Once or twice a week,Yes,3,4,4,5,4,4,5,4
Female,>60,Very rarely,No,1,1,1,1,2,3,2,1
Male,20-40,More than once a day,Yes,2,2,3,2,3,2,3,5
Female,20-40,Very rarely,Yes,1,3,3,4,2,3,2,3
Male,20-40,Every day,Yes,2,5,2,2,3,5,4,5
Male,20-40,Once or twice a week,Yes,3,4,4,5,4,4,5,4
Male,20-40,Once or twice a week,Yes,3,4,4,5,4,4,5,4
Male,20-40,Every day,Yes,2,5,2,2,5,5,4,5
Male,20-40,More than once a day,Yes,2,2,2,2,3,5,3,5
Male,20-40,Once or twice a week,Yes,4,5,4,5,4,4,5,4
Male,20-40,Once or twice a week,Yes,3,4,4,5,4,4,5,4
Male,20-40,Once or twice a week,Yes,3,4,4,5,4,4,5,4
Male,20-40,Every day,Yes,2,5,2,2,5,5,4,5
Male,20-40,Once or twice a week,Yes,4,5,5,5,5,5,4,5
Male,20-40,More than once a day,Yes,2,2,3,2,3,2,3,3
Male,20-40,Every day,Yes,2,5,2,2,5,5,4,5
Female,40-60,Once or twice a month,No,1,1,1,1,1,3,1,2
Male,20-40,More than once a day,Yes,5,3,3,2,3,2,3,3
Male,20-40,Once or twice a week,Yes,4,5,5,5,5,5,4,5
Male,20-40,Every day,Yes,2,5,5,2,5,5,4,5
Male,20-40,More than once a day,Yes,2,2,2,2,3,5,4,5
Male,20-40,Once or twice a week,Yes,3,4,4,5,4,4,5,4
Male,20-40,Very rarely,Yes,5,3,3,2,2,3,2,3
Male,20-40,Once or twice a week,Yes,4,5,5,5,4,5,4,5
Male,20-40,More than once a day,Yes,2,2,2,2,3,5,4,5
Male,20-40,Once or twice a week,Yes,3,4,4,5,4,4,5,4
Male,20-40,Once or twice a week,Yes,3,4,4,5,4,4,5,4
Male,20-40,Once or twice a week,Yes,3,5,4,5,4,4,5,4
Female,20-40,Very rarely,Yes,5,3,3,2,2,3,2,3
Male,20-40,Once or twice a week,Yes,3,4,4,5,4,4,5,4
Male,20-40,Once or twice a week,Yes,3,4,4,5,4,4,5,4
Male,20-40,Once or twice a week,Yes,4,5,4,5,4,4,5,5
Male,20-40,Every day,Yes,3,5,5,5,4,5,4,5
Male,20-40,Every day,Yes,4,4,4,5,5,4,5,4
Male,20-40,Every day,Yes,3,4,4,5,4,2,5,4
Male,20-40,Every day,Yes,4,4,5,5,3,4,4,4
Male,20-40,Every day,Yes,3,2,4,5,4,5,5,4
Male,20-40,Every day,Yes,3,3,2,2,4,3,3,3
Female,20-40,More than once a day,Yes,4,5,4,5,4,5,4,5
Male,20-40,Every day,Yes,3,4,5,5,4,5,5,5
Male,20-40,Very rarely,Yes,4,5,5,5,5,3,5,5
Male,20-40,Once or twice a week,Yes,4,3,5,5,4,4,4,5
Male,20-40,Every day,Yes,4,4,3,5,3,3,3,4
Male,20-40,Every day,Yes,2,2,4,5,4,4,4,5
Male,20-40,Once or twice a week,No,5,3,3,4,3,4,4,5
Male,20-40,Every day,Yes,4,3,4,5,3,4,5,4
Male,20-40,Very rarely,Yes,4,4,3,5,4,4,5,3
Male,20-40,Very rarely,Yes,5,5,4,5,3,3,5,3
Female,20-40,Every day,Yes,3,5,4,4,5,4,4,4
Male,20-40,Once or twice a week,Yes,5,1,2,5,3,3,4,4
Male,20-40,Every day,Yes,5,4,4,4,4,5,5,4
Male,20-40,More than once a day,Yes,4,4,3,4,2,4,4,4
Male,20-40,More than once a day,Yes,5,3,1,5,4,4,2,1
Male,20-40,Once or twice a week,Yes,3,5,2,5,4,4,3,4
Male,20-40,Very rarely,Yes,4,4,2,4,3,4,5,4
Male,20-40,Very rarely,Yes,4,4,2,4,2,2,2,2
Male,20-40,Every day,Yes,5,5,4,5,5,2,2,4
Male,20-40,Every day,Yes,5,2,2,5,4,4,5,5
Male,20-40,Every day,Yes,4,5,3,4,4,2,5,5
Male,20-40,Every day,Yes,2,4,4,2,2,2,5,2
Male,20-40,More than once a day,Yes,1,3,1,1,1,1,1,3
Male,20-40,Every day,Yes,3,4,2,4,3,4,2,4
Male,20-40,Every day,Yes,5,4,4,5,5,4,4,5
Male,>60,Very rarely,No,5,3,5,4,2,5,4,4
Male,20-40,More than once a day,Yes,5,5,2,5,5,4,4,4
Male,20-40,Once or twice a week,Yes,4,5,2,5,4,4,2,4
Male,20-40,Once or twice a week,Yes,4,4,4,5,5,2,3,3
Male,20-40,Every day,Yes,5,2,3,5,5,5,5,5
Male,20-40,Every day,Yes,4,1,5,5,2,5,2,5
Male,20-40,Every day,Yes,4,1,5,5,2,5,2,5
Male,20-40,Every day,Yes,3,3,3,3,3,3,4,5
Male,20-40,Very rarely,Yes,4,3,4,5,5,5,4,5
Male,20-40,Every day,Yes,4,5,4,5,5,4,5,1
Male,20-40,Once or twice a month,Yes,5,5,2,5,4,5,3,2
Male,20-40,Every day,Yes,5,4,3,5,3,4,4,4
Female,20-40,More than once a day,Yes,3,4,5,4,3,3,5,3
Male,20-40,More than once a day,Yes,3,5,2,4,2,5,3,3
Male,20-40,Every day,Yes,4,3,2,4,3,4,5,4
Male,20-40,Once or twice a month,Yes,3,5,5,5,5,5,5,5
Male,20-40,Once or twice a month,Yes,3,5,5,5,5,5,5,5
Male,20-40,Once or twice a month,Yes,3,5,5,5,5,5,5,5
Male,20-40,Every day,Yes,5,5,5,5,5,5,5,5
Male,20-40,More than once a day,Yes,5,4,5,5,4,5,5,5
Female,20-40,Every day,Yes,3,3,4,5,4,5,5,5
Male,20-40,Every day,Yes,5,5,5,5,5,5,5,5
Male,20-40,Every day,Yes,2,2,4,3,3,3,4,4
Male,20-40,Every day,Yes,2,5,4,5,4,5,3,5
Male,20-40,Every day,Yes,4,4,4,5,2,4,4,5
Male,20-40,Every day,No,4,5,5,5,4,5,5,5
Male,20-40,Every day,Yes,3,4,5,4,5,4,5,4
Male,20-40,Every day,Yes,4,5,4,5,5,5,4,5
Male,40-60,Very rarely,Yes,1,4,2,4,4,3,2,3
Male,20-40,Every day,Yes,5,2,5,4,4,4,5,4
Male,20-40,Once or twice a week,Yes,4,5,3,4,4,4,4,5
Male,20-40,Every day,Yes,4,5,4,4,2,3,4,4
Male,20-40,Every day,Yes,4,5,5,5,4,4,5,5
Male,20-40,Every day,Yes,5,5,5,5,5,5,5,5
Male,<20,Very rarely,Yes,2,1,3,5,2,3,2,5
Male,20-40,Every day,Yes,3,3,3,4,4,5,4,4
Male,20-40,Once or twice a week,Yes,2,4,4,5,4,5,5,5
Male,20-40,More than once a day,Yes,5,5,5,5,5,5,5,5
Male,20-40,More than once a day,Yes,3,4,5,5,4,4,4,5
Male,20-40,Once or twice a week,Yes,2,4,3,4,4,2,4,4
Male,20-40,Every day,Yes,2,3,5,4,4,5,4,4
Male,20-40,Very rarely,No,3,4,5,4,4,4,4,5
Female,20-40,Every day,Yes,5,5,3,5,5,5,5,5
Male,20-40,Once or twice a week,Yes,3,5,4,5,3,4,1,5
Male,20-40,Every day,Yes,5,3,2,1,4,5,3,4
Male,20-40,Once or twice a week,Yes,4,4,2,5,4,5,3,4
Male,20-40,Every day,Yes,5,3,2,4,4,4,5,2
Male,20-40,Very rarely,Yes,4,2,2,5,4,2,3,2
Male,20-40,Every day,Yes,5,5,4,4,2,5,2,5
Male,20-40,Once or twice a week,Yes,4,4,4,5,4,4,4,3
Male,20-40,Every day,Yes,2,1,4,5,5,5,5,4
Male,20-40,Every day,Yes,4,4,3,4,3,4,3,4
Male,20-40,Every day,Yes,4,4,3,4,3,4,3,4
Male,40-60,Every day,Yes,4,2,3,5,5,4,2,5
Male,20-40,Every day,Yes,4,3,4,2,4,3,2,5
Male,20-40,More than once a day,Yes,1,1,1,5,1,1,1,5
Male,20-40,Every day,Yes,5,4,4,5,4,4,5,4
Male,20-40,Every day,Yes,5,3,4,4,3,3,5,5
Male,<20,Every day,Yes,4,4,4,4,4,4,4,4
Male,20-40,Very rarely,Yes,2,4,3,5,4,5,5,4
Female,20-40,Very rarely,Yes,3,4,4,4,5,4,4,5
Male,20-40,Every day,Yes,4,5,3,5,5,4,4,4
Male,20-40,Every day,Yes,5,5,4,3,3,4,3,3
Male,20-40,Every day,Yes,4,3,4,5,3,3,5,4
Male,20-40,Once or twice a month,Yes,3,5,4,5,4,5,5,1
Female,20-40,Every day,Yes,2,2,2,4,4,4,2,4
Male,20-40,Every day,Yes,1,5,4,5,4,2,2,5
Male,20-40,Every day,Yes,2,5,4,5,5,4,4,5
Male,20-40,Very rarely,No,3,5,5,5,5,3,5,3
Male,20-40,Every day,No,4,4,4,4,4,4,4,4
Male,20-40,Every day,Yes,1,1,4,5,4,4,4,4
Male,20-40,Very rarely,Yes,5,4,5,5,5,4,5,5
Male,20-40,Every day,Yes,3,3,1,5,4,5,3,4
Female,20-40,Once or twice a week,Yes,4,5,5,3,2,5,4,4
Male,20-40,Every day,Yes,4,5,4,5,3,5,4,4
Male,20-40,Once or twice a month,Yes,4,3,3,5,3,5,4,5
Female,20-40,Once or twice a week,Yes,1,1,2,4,2,3,4,4
Male,20-40,Very rarely,No,5,5,5,4,3,4,4,4
Male,20-40,Very rarely,No,4,4,5,5,5,4,5,5
Male,20-40,Every day,Yes,1,1,1,1,1,1,1,1
Male,20-40,Every day,Yes,4,5,2,4,4,5,5,3
Male,20-40,Very rarely,Yes,4,1,2,5,2,2,2,4
Male,20-40,Every day,Yes,1,4,1,5,2,4,4,2
Male,40-60,Every day,Yes,5,2,4,4,4,5,4,4
Male,20-40,Every day,Yes,3,5,4,5,3,5,4,4
Female,20-40,Every day,Yes,3,3,4,4,4,4,4,5
Male,20-40,Every day,Yes,4,2,4,5,5,4,5,4
Male,20-40,Every day,Yes,5,4,3,2,3,3,5,5
Male,20-40,More than once a day,Yes,3,2,4,5,4,5,5,5
Male,20-40,Every day,Yes,5,4,4,4,4,4,5,4
Male,20-40,Once or twice a week,Yes,4,5,4,4,3,4,4,2
Male,20-40,Once or twice a week,No,3,5,4,4,4,4,4,3
Female,20-40,Every day,Yes,2,5,3,5,4,3,5,4
Male,<20,More than once a day,Yes,5,4,4,2,4,5,4,5
Male,20-40,Every day,Yes,2,4,2,4,4,4,4,4
Female,40-60,Every day,Yes,3,4,4,4,4,4,4,4
Male,20-40,Once or twice a week,Yes,4,4,3,5,4,5,4,5
Male,20-40,Every day,Yes,3,4,4,4,4,4,2,4
Female,20-40,Every day,Yes,4,5,4,4,4,4,4,4
Male,20-40,Every day,Yes,4,4,2,4,2,2,4,4
Male,20-40,Every day,Yes,4,4,5,5,4,5,5,5
Male,20-40,Every day,Yes,3,5,2,5,5,4,4,4
